state,state_name,class_year,projected_high_school_graduates,pct_change_from_2026,college_going_rate_assumption,likely_college_entrants,four_year_share_assumption,likely_four_year_entrants,likely_four_year_entrants_low,likely_four_year_entrants_high,current_four_year_undergraduate_enrollment,four_year_institution_count,annual_new_student_capacity_proxy,local_pool_coverage_proxy,coverage_interpretation
AK,Alaska,2026,8879.0,0.0,0.628,5576.012,0.6666666666666666,3717.341,3164.772,4314.306,19406.0,4,4566.118,0.814114,"Below 1.0 implies the projected local four-year entrant pool is smaller than the state's current annualized undergraduate scale; imported, transfer, adult, or increased participation demand is required."
AK,Alaska,2030,8878.0,-0.00011262529564137758,0.628,5575.384,0.6666666666666666,3716.923,3164.415,4313.82,19406.0,4,4566.118,0.814023,"Below 1.0 implies the projected local four-year entrant pool is smaller than the state's current annualized undergraduate scale; imported, transfer, adult, or increased participation demand is required."
AK,Alaska,2035,8334.0,-0.06138078612456355,0.628,5233.752,0.6666666666666666,3489.168,2970.515,4049.491,19406.0,4,4566.118,0.764143,"Below 1.0 implies the projected local four-year entrant pool is smaller than the state's current annualized undergraduate scale; imported, transfer, adult, or increased participation demand is required."
AK,Alaska,2041,7170.0,-0.19247663025115436,0.628,4502.76,0.6666666666666666,3001.84,2555.627,3483.903,19406.0,4,4566.118,0.657416,"Below 1.0 implies the projected local four-year entrant pool is smaller than the state's current annualized undergraduate scale; imported, transfer, adult, or increased participation demand is required."
AL,Alabama,2026,55546.0,0.0,0.628,34882.888,0.6666666666666666,23255.259,19798.446,26989.801,148138.0,32,34856.0,0.667181,"Below 1.0 implies the projected local four-year entrant pool is smaller than the state's current annualized undergraduate scale; imported, transfer, adult, or increased participation demand is required."
AL,Alabama,2030,52926.0,-0.047168112915421445,0.628,33237.528,0.6666666666666666,22158.352,18864.591,25716.743,148138.0,32,34856.0,0.635711,"Below 1.0 implies the projected local four-year entrant pool is smaller than the state's current annualized undergraduate scale; imported, transfer, adult, or increased participation demand is required."
AL,Alabama,2035,55235.0,-0.005598963021639758,0.628,34687.58,0.6666666666666666,23125.053,19687.595,26838.686,148138.0,32,34856.0,0.663445,"Below 1.0 implies the projected local four-year entrant pool is smaller than the state's current annualized undergraduate scale; imported, transfer, adult, or increased participation demand is required."
AL,Alabama,2041,54262.0,-0.023115975947863077,0.628,34076.536,0.6666666666666666,22717.691,19340.786,26365.906,148138.0,32,34856.0,0.651758,"Below 1.0 implies the projected local four-year entrant pool is smaller than the state's current annualized undergraduate scale; imported, transfer, adult, or increased participation demand is required."
AR,Arkansas,2026,35867.0,0.0,0.628,22524.476,0.6666666666666666,15016.317,12784.194,17427.775,84099.0,20,19788.0,0.75886,"Below 1.0 implies the projected local four-year entrant pool is smaller than the state's current annualized undergraduate scale; imported, transfer, adult, or increased participation demand is required."
AR,Arkansas,2030,34255.0,-0.0449438202247191,0.628,21512.14,0.6666666666666666,14341.427,12209.624,16644.505,84099.0,20,19788.0,0.724754,"Below 1.0 implies the projected local four-year entrant pool is smaller than the state's current annualized undergraduate scale; imported, transfer, adult, or increased participation demand is required."
AR,Arkansas,2035,34497.0,-0.03819667103465585,0.628,21664.116,0.6666666666666666,14442.744,12295.881,16762.092,84099.0,20,19788.0,0.729874,"Below 1.0 implies the projected local four-year entrant pool is smaller than the state's current annualized undergraduate scale; imported, transfer, adult, or increased participation demand is required."
AR,Arkansas,2041,32330.0,-0.09861432514567714,0.628,20303.24,0.6666666666666666,13535.493,11523.49,15709.147,84099.0,20,19788.0,0.684025,"Below 1.0 implies the projected local four-year entrant pool is smaller than the state's current annualized undergraduate scale; imported, transfer, adult, or increased participation demand is required."
AZ,Arizona,2026,85942.0,0.0,0.628,53971.576,0.6666666666666666,35981.051,30632.594,41759.218,135491.0,14,31880.235,1.128632,"Below 1.0 implies the projected local four-year entrant pool is smaller than the state's current annualized undergraduate scale; imported, transfer, adult, or increased participation demand is required."
AZ,Arizona,2030,84186.0,-0.02043238463149566,0.628,52868.808,0.6666666666666666,35245.872,30006.697,40905.977,135491.0,14,31880.235,1.105571,"Below 1.0 implies the projected local four-year entrant pool is smaller than the state's current annualized undergraduate scale; imported, transfer, adult, or increased participation demand is required."
AZ,Arizona,2035,85262.0,-0.007912312955248857,0.628,53544.536,0.6666666666666666,35696.357,30390.219,41428.806,135491.0,14,31880.235,1.119702,"Below 1.0 implies the projected local four-year entrant pool is smaller than the state's current annualized undergraduate scale; imported, transfer, adult, or increased participation demand is required."
AZ,Arizona,2041,81428.0,-0.052523795117637495,0.628,51136.784,0.6666666666666666,34091.189,29023.653,39565.865,135491.0,14,31880.235,1.069352,"Below 1.0 implies the projected local four-year entrant pool is smaller than the state's current annualized undergraduate scale; imported, transfer, adult, or increased participation demand is required."
CA,California,2026,466446.0,0.0,0.628,292928.088,0.6666666666666666,195285.392,166256.903,226646.111,773450.0,122,181988.235,1.073066,"Below 1.0 implies the projected local four-year entrant pool is smaller than the state's current annualized undergraduate scale; imported, transfer, adult, or increased participation demand is required."
CA,California,2030,435481.0,-0.06638496203204658,0.628,273482.068,0.6666666666666666,182321.379,155219.944,211600.218,773450.0,122,181988.235,1.001831,"Below 1.0 implies the projected local four-year entrant pool is smaller than the state's current annualized undergraduate scale; imported, transfer, adult, or increased participation demand is required."
CA,California,2035,402356.0,-0.13740068518113568,0.628,252679.568,0.6666666666666666,168453.045,143413.09,195504.78,773450.0,122,181988.235,0.925626,"Below 1.0 implies the projected local four-year entrant pool is smaller than the state's current annualized undergraduate scale; imported, transfer, adult, or increased participation demand is required."
CA,California,2041,339022.0,-0.2731806039713064,0.628,212905.816,0.6666666666666666,141937.211,120838.742,164730.79,773450.0,122,181988.235,0.779925,"Below 1.0 implies the projected local four-year entrant pool is smaller than the state's current annualized undergraduate scale; imported, transfer, adult, or increased participation demand is required."
CO,Colorado,2026,65391.0,0.0,0.628,41065.548,0.6666666666666666,27377.032,23307.532,31773.487,147069.0,20,34604.471,0.791141,"Below 1.0 implies the projected local four-year entrant pool is smaller than the state's current annualized undergraduate scale; imported, transfer, adult, or increased participation demand is required."
CO,Colorado,2030,60300.0,-0.07785475065375969,0.628,37868.4,0.6666666666666666,25245.6,21492.93,29299.77,147069.0,20,34604.471,0.729547,"Below 1.0 implies the projected local four-year entrant pool is smaller than the state's current annualized undergraduate scale; imported, transfer, adult, or increased participation demand is required."
CO,Colorado,2035,59557.0,-0.08921717055863954,0.628,37401.796,0.6666666666666666,24934.531,21228.1,28938.746,147069.0,20,34604.471,0.720558,"Below 1.0 implies the projected local four-year entrant pool is smaller than the state's current annualized undergraduate scale; imported, transfer, adult, or increased participation demand is required."
CO,Colorado,2041,56457.0,-0.13662430609716936,0.628,35454.996,0.6666666666666666,23636.664,20123.157,27432.456,147069.0,20,34604.471,0.683052,"Below 1.0 implies the projected local four-year entrant pool is smaller than the state's current annualized undergraduate scale; imported, transfer, adult, or increased participation demand is required."
CT,Connecticut,2026,44448.0,0.0,0.628,27913.344,0.6666666666666666,18608.896,15842.749,21597.283,96109.0,23,22613.882,0.822897,"Below 1.0 implies the projected local four-year entrant pool is smaller than the state's current annualized undergraduate scale; imported, transfer, adult, or increased participation demand is required."
CT,Connecticut,2030,42528.0,-0.043196544276457916,0.628,26707.584,0.6666666666666666,17805.056,15158.397,20664.355,96109.0,23,22613.882,0.787351,"Below 1.0 implies the projected local four-year entrant pool is smaller than the state's current annualized undergraduate scale; imported, transfer, adult, or increased participation demand is required."
CT,Connecticut,2035,43091.0,-0.0305300575953924,0.628,27061.148,0.6666666666666666,18040.765,15359.069,20937.917,96109.0,23,22613.882,0.797774,"Below 1.0 implies the projected local four-year entrant pool is smaller than the state's current annualized undergraduate scale; imported, transfer, adult, or increased participation demand is required."
CT,Connecticut,2041,42405.0,-0.04596382289416845,0.628,26630.34,0.6666666666666666,17753.56,15114.555,20604.59,96109.0,23,22613.882,0.785074,"Below 1.0 implies the projected local four-year entrant pool is smaller than the state's current annualized undergraduate scale; imported, transfer, adult, or increased participation demand is required."
DC,District of Columbia,2026,7252.0,0.0,0.628,4554.256,0.6666666666666666,3036.171,2584.855,3523.747,42379.0,8,9971.529,0.304484,"Below 1.0 implies the projected local four-year entrant pool is smaller than the state's current annualized undergraduate scale; imported, transfer, adult, or increased participation demand is required."
DC,District of Columbia,2030,8699.0,0.1995311638168782,0.628,5462.972,0.6666666666666666,3641.981,3100.614,4226.844,42379.0,8,9971.529,0.365238,"Below 1.0 implies the projected local four-year entrant pool is smaller than the state's current annualized undergraduate scale; imported, transfer, adult, or increased participation demand is required."
DC,District of Columbia,2035,9072.0,0.2509652509652509,0.628,5697.216,0.6666666666666666,3798.144,3233.563,4408.085,42379.0,8,9971.529,0.380899,"Below 1.0 implies the projected local four-year entrant pool is smaller than the state's current annualized undergraduate scale; imported, transfer, adult, or increased participation demand is required."
DC,District of Columbia,2041,7529.0,0.038196359624931064,0.628,4728.212,0.6666666666666666,3152.141,2683.587,3658.341,42379.0,8,9971.529,0.316114,"Below 1.0 implies the projected local four-year entrant pool is smaller than the state's current annualized undergraduate scale; imported, transfer, adult, or increased participation demand is required."
DE,Delaware,2026,11807.0,0.0,0.628,7414.796,0.6666666666666666,4943.197,4208.408,5737.021,32894.0,6,7739.765,0.638675,"Below 1.0 implies the projected local four-year entrant pool is smaller than the state's current annualized undergraduate scale; imported, transfer, adult, or increased participation demand is required."
DE,Delaware,2030,12106.0,0.025323960362496845,0.628,7602.568,0.6666666666666666,5068.379,4314.982,5882.305,32894.0,6,7739.765,0.654849,"Below 1.0 implies the projected local four-year entrant pool is smaller than the state's current annualized undergraduate scale; imported, transfer, adult, or increased participation demand is required."
DE,Delaware,2035,12597.0,0.06690946048954016,0.628,7910.916,0.6666666666666666,5273.944,4489.991,6120.882,32894.0,6,7739.765,0.681409,"Below 1.0 implies the projected local four-year entrant pool is smaller than the state's current annualized undergraduate scale; imported, transfer, adult, or increased participation demand is required."
DE,Delaware,2041,12087.0,0.02371474548996355,0.628,7590.636,0.6666666666666666,5060.424,4308.21,5873.073,32894.0,6,7739.765,0.653821,"Below 1.0 implies the projected local four-year entrant pool is smaller than the state's current annualized undergraduate scale; imported, transfer, adult, or increased participation demand is required."
FL,Florida,2026,238645.0,0.0,0.628,149869.06,0.6666666666666666,99912.707,85061.033,115957.606,368602.0,63,86729.882,1.151999,"Below 1.0 implies the projected local four-year entrant pool is smaller than the state's current annualized undergraduate scale; imported, transfer, adult, or increased participation demand is required."
FL,Florida,2030,234121.0,-0.01895702822183576,0.628,147027.988,0.6666666666666666,98018.659,83448.528,113759.394,368602.0,63,86729.882,1.13016,"Below 1.0 implies the projected local four-year entrant pool is smaller than the state's current annualized undergraduate scale; imported, transfer, adult, or increased participation demand is required."
FL,Florida,2035,251771.0,0.0550021999203838,0.628,158112.188,0.6666666666666666,105408.125,89739.577,122335.529,368602.0,63,86729.882,1.215361,"Below 1.0 implies the projected local four-year entrant pool is smaller than the state's current annualized undergraduate scale; imported, transfer, adult, or increased participation demand is required."
FL,Florida,2041,247409.0,0.03672400427413103,0.628,155372.852,0.6666666666666666,103581.901,88184.815,120216.033,368602.0,63,86729.882,1.194305,"Below 1.0 implies the projected local four-year entrant pool is smaller than the state's current annualized undergraduate scale; imported, transfer, adult, or increased participation demand is required."
GA,Georgia,2026,132754.0,0.0,0.628,83369.512,0.6666666666666666,55579.675,47317.951,64505.169,261362.0,50,61496.941,0.903779,"Below 1.0 implies the projected local four-year entrant pool is smaller than the state's current annualized undergraduate scale; imported, transfer, adult, or increased participation demand is required."
GA,Georgia,2030,127882.0,-0.03669945915000683,0.628,80309.896,0.6666666666666666,53539.931,45581.408,62137.864,261362.0,50,61496.941,0.870611,"Below 1.0 implies the projected local four-year entrant pool is smaller than the state's current annualized undergraduate scale; imported, transfer, adult, or increased participation demand is required."
GA,Georgia,2035,131414.0,-0.010093857812193963,0.628,82527.992,0.6666666666666666,55018.661,46840.33,63854.063,261362.0,50,61496.941,0.894657,"Below 1.0 implies the projected local four-year entrant pool is smaller than the state's current annualized undergraduate scale; imported, transfer, adult, or increased participation demand is required."
GA,Georgia,2041,126851.0,-0.044465703481627705,0.628,79662.428,0.6666666666666666,53108.285,45213.925,61636.901,261362.0,50,61496.941,0.863592,"Below 1.0 implies the projected local four-year entrant pool is smaller than the state's current annualized undergraduate scale; imported, transfer, adult, or increased participation demand is required."
HI,Hawaii,2026,13929.0,0.0,0.628,8747.412,0.6666666666666666,5831.608,4964.76,6768.101,27327.0,7,6429.882,0.906954,"Below 1.0 implies the projected local four-year entrant pool is smaller than the state's current annualized undergraduate scale; imported, transfer, adult, or increased participation demand is required."
HI,Hawaii,2030,12650.0,-0.09182281570823458,0.628,7944.2,0.6666666666666666,5296.133,4508.882,6146.635,27327.0,7,6429.882,0.823675,"Below 1.0 implies the projected local four-year entrant pool is smaller than the state's current annualized undergraduate scale; imported, transfer, adult, or increased participation demand is required."
HI,Hawaii,2035,11450.0,-0.17797401105607003,0.628,7190.6,0.6666666666666666,4793.733,4081.162,5563.555,27327.0,7,6429.882,0.74554,"Below 1.0 implies the projected local four-year entrant pool is smaller than the state's current annualized undergraduate scale; imported, transfer, adult, or increased participation demand is required."
HI,Hawaii,2041,9582.0,-0.3120827051475339,0.628,6017.496,0.6666666666666666,4011.664,3415.344,4655.894,27327.0,7,6429.882,0.623909,"Below 1.0 implies the projected local four-year entrant pool is smaller than the state's current annualized undergraduate scale; imported, transfer, adult, or increased participation demand is required."
IA,Iowa,2026,39893.0,0.0,0.628,25052.804,0.6666666666666666,16701.869,14219.195,19384.009,100603.0,32,23671.294,0.705575,"Below 1.0 implies the projected local four-year entrant pool is smaller than the state's current annualized undergraduate scale; imported, transfer, adult, or increased participation demand is required."
IA,Iowa,2030,38192.0,-0.04263905948412006,0.628,23984.576,0.6666666666666666,15989.717,13612.902,18557.493,100603.0,32,23671.294,0.67549,"Below 1.0 implies the projected local four-year entrant pool is smaller than the state's current annualized undergraduate scale; imported, transfer, adult, or increased participation demand is required."
IA,Iowa,2035,38769.0,-0.028175369112375614,0.628,24346.932,0.6666666666666666,16231.288,13818.564,18837.857,100603.0,32,23671.294,0.685695,"Below 1.0 implies the projected local four-year entrant pool is smaller than the state's current annualized undergraduate scale; imported, transfer, adult, or increased participation demand is required."
IA,Iowa,2041,36299.0,-0.0900909934073647,0.628,22795.772,0.6666666666666666,15197.181,12938.174,17637.684,100603.0,32,23671.294,0.642009,"Below 1.0 implies the projected local four-year entrant pool is smaller than the state's current annualized undergraduate scale; imported, transfer, adult, or increased participation demand is required."
ID,Idaho,2026,24058.0,0.0,0.628,15108.424,0.6666666666666666,10072.283,8575.073,11689.782,66687.0,8,15691.059,0.641912,"Below 1.0 implies the projected local four-year entrant pool is smaller than the state's current annualized undergraduate scale; imported, transfer, adult, or increased participation demand is required."
ID,Idaho,2030,24257.0,0.008271676781112403,0.628,15233.396,0.6666666666666666,10155.597,8646.003,11786.476,66687.0,8,15691.059,0.647222,"Below 1.0 implies the projected local four-year entrant pool is smaller than the state's current annualized undergraduate scale; imported, transfer, adult, or increased participation demand is required."
ID,Idaho,2035,25509.0,0.06031257793665312,0.628,16019.652,0.6666666666666666,10679.768,9092.258,12394.823,66687.0,8,15691.059,0.680628,"Below 1.0 implies the projected local four-year entrant pool is smaller than the state's current annualized undergraduate scale; imported, transfer, adult, or increased participation demand is required."
ID,Idaho,2041,25907.0,0.0768559314988777,0.628,16269.596,0.6666666666666666,10846.397,9234.118,12588.211,66687.0,8,15691.059,0.691247,"Below 1.0 implies the projected local four-year entrant pool is smaller than the state's current annualized undergraduate scale; imported, transfer, adult, or increased participation demand is required."
IL,Illinois,2026,138905.0,0.0,0.628,87232.34,0.6666666666666666,58154.893,49510.372,67493.94,270420.0,72,63628.235,0.913979,"Below 1.0 implies the projected local four-year entrant pool is smaller than the state's current annualized undergraduate scale; imported, transfer, adult, or increased participation demand is required."
IL,Illinois,2030,124210.0,-0.10579172815953353,0.628,78003.88,0.6666666666666666,52002.587,44272.584,60353.639,270420.0,72,63628.235,0.817288,"Below 1.0 implies the projected local four-year entrant pool is smaller than the state's current annualized undergraduate scale; imported, transfer, adult, or increased participation demand is required."
IL,Illinois,2035,119005.0,-0.14326338144775208,0.628,74735.14,0.6666666666666666,49823.427,42417.349,57824.529,270420.0,72,63628.235,0.78304,"Below 1.0 implies the projected local four-year entrant pool is smaller than the state's current annualized undergraduate scale; imported, transfer, adult, or increased participation demand is required."
IL,Illinois,2041,99067.0,-0.2868003311615852,0.628,62214.076,0.6666666666666666,41476.051,35310.781,48136.655,270420.0,72,63628.235,0.65185,"Below 1.0 implies the projected local four-year entrant pool is smaller than the state's current annualized undergraduate scale; imported, transfer, adult, or increased participation demand is required."
IN,Indiana,2026,77246.0,0.0,0.628,48510.488,0.6666666666666666,32340.325,27533.049,37533.831,225950.0,46,53164.706,0.608304,"Below 1.0 implies the projected local four-year entrant pool is smaller than the state's current annualized undergraduate scale; imported, transfer, adult, or increased participation demand is required."
IN,Indiana,2030,72817.0,-0.05733630220335029,0.628,45729.076,0.6666666666666666,30486.051,25954.406,35381.78,225950.0,46,53164.706,0.573426,"Below 1.0 implies the projected local four-year entrant pool is smaller than the state's current annualized undergraduate scale; imported, transfer, adult, or increased participation demand is required."
IN,Indiana,2035,72575.0,-0.06046915050617507,0.628,45577.1,0.6666666666666666,30384.733,25868.149,35264.193,225950.0,46,53164.706,0.571521,"Below 1.0 implies the projected local four-year entrant pool is smaller than the state's current annualized undergraduate scale; imported, transfer, adult, or increased participation demand is required."
IN,Indiana,2041,69494.0,-0.10035471092354298,0.628,43642.232,0.6666666666666666,29094.821,24769.978,33767.135,225950.0,46,53164.706,0.547258,"Below 1.0 implies the projected local four-year entrant pool is smaller than the state's current annualized undergraduate scale; imported, transfer, adult, or increased participation demand is required."
KS,Kansas,2026,37673.0,0.0,0.628,23658.644,0.6666666666666666,15772.429,13427.913,18305.311,90877.0,27,21382.824,0.737621,"Below 1.0 implies the projected local four-year entrant pool is smaller than the state's current annualized undergraduate scale; imported, transfer, adult, or increased participation demand is required."
KS,Kansas,2030,36660.0,-0.026889284102672995,0.628,23022.48,0.6666666666666666,15348.32,13066.846,17813.094,90877.0,27,21382.824,0.717787,"Below 1.0 implies the projected local four-year entrant pool is smaller than the state's current annualized undergraduate scale; imported, transfer, adult, or increased participation demand is required."
KS,Kansas,2035,34967.0,-0.07182863058423805,0.628,21959.276,0.6666666666666666,14639.517,12463.404,16990.465,90877.0,27,21382.824,0.684639,"Below 1.0 implies the projected local four-year entrant pool is smaller than the state's current annualized undergraduate scale; imported, transfer, adult, or increased participation demand is required."
KS,Kansas,2041,32554.0,-0.13587980781992404,0.628,20443.912,0.6666666666666666,13629.275,11603.331,15817.989,90877.0,27,21382.824,0.637394,"Below 1.0 implies the projected local four-year entrant pool is smaller than the state's current annualized undergraduate scale; imported, transfer, adult, or increased participation demand is required."
KY,Kentucky,2026,50499.0,0.0,0.628,31713.372,0.6666666666666666,21142.248,17999.527,24537.464,117317.0,29,27604.0,0.765912,"Below 1.0 implies the projected local four-year entrant pool is smaller than the state's current annualized undergraduate scale; imported, transfer, adult, or increased participation demand is required."
KY,Kentucky,2030,44440.0,-0.11998257391235467,0.628,27908.32,0.6666666666666666,18605.547,15839.897,21593.396,117317.0,29,27604.0,0.674016,"Below 1.0 implies the projected local four-year entrant pool is smaller than the state's current annualized undergraduate scale; imported, transfer, adult, or increased participation demand is required."
KY,Kentucky,2035,48080.0,-0.047901938652250564,0.628,30194.24,0.6666666666666666,20129.493,17137.315,23362.072,117317.0,29,27604.0,0.729224,"Below 1.0 implies the projected local four-year entrant pool is smaller than the state's current annualized undergraduate scale; imported, transfer, adult, or increased participation demand is required."
KY,Kentucky,2041,45762.0,-0.09380383769975642,0.628,28738.536,0.6666666666666666,19159.024,16311.102,22235.756,117317.0,29,27604.0,0.694067,"Below 1.0 implies the projected local four-year entrant pool is smaller than the state's current annualized undergraduate scale; imported, transfer, adult, or increased participation demand is required."
LA,Louisiana,2026,53296.0,0.0,0.628,33469.888,0.6666666666666666,22313.259,18996.471,25896.526,123806.0,25,29130.824,0.765967,"Below 1.0 implies the projected local four-year entrant pool is smaller than the state's current annualized undergraduate scale; imported, transfer, adult, or increased participation demand is required."
LA,Louisiana,2030,50745.0,-0.047864755328730135,0.628,31867.86,0.6666666666666666,21245.24,18087.209,24656.996,123806.0,25,29130.824,0.729304,"Below 1.0 implies the projected local four-year entrant pool is smaller than the state's current annualized undergraduate scale; imported, transfer, adult, or increased participation demand is required."
LA,Louisiana,2035,52289.0,-0.018894476133293314,0.628,32837.492,0.6666666666666666,21891.661,18637.543,25407.225,123806.0,25,29130.824,0.751495,"Below 1.0 implies the projected local four-year entrant pool is smaller than the state's current annualized undergraduate scale; imported, transfer, adult, or increased participation demand is required."
LA,Louisiana,2041,47061.0,-0.11698814169918947,0.628,29554.308,0.6666666666666666,19702.872,16774.109,22866.94,123806.0,25,29130.824,0.676358,"Below 1.0 implies the projected local four-year entrant pool is smaller than the state's current annualized undergraduate scale; imported, transfer, adult, or increased participation demand is required."
MA,Massachusetts,2026,77056.0,0.0,0.628,48391.168,0.6666666666666666,32260.779,27465.327,37441.51,257560.0,78,60602.353,0.532335,"Below 1.0 implies the projected local four-year entrant pool is smaller than the state's current annualized undergraduate scale; imported, transfer, adult, or increased participation demand is required."
MA,Massachusetts,2030,72708.0,-0.056426495016611344,0.628,45660.624,0.6666666666666666,30440.416,25915.555,35328.817,257560.0,78,60602.353,0.502298,"Below 1.0 implies the projected local four-year entrant pool is smaller than the state's current annualized undergraduate scale; imported, transfer, adult, or increased participation demand is required."
MA,Massachusetts,2035,73434.0,-0.047004775747508276,0.628,46116.552,0.6666666666666666,30744.368,26174.325,35681.581,257560.0,78,60602.353,0.507313,"Below 1.0 implies the projected local four-year entrant pool is smaller than the state's current annualized undergraduate scale; imported, transfer, adult, or increased participation demand is required."
MA,Massachusetts,2041,69464.0,-0.09852574750830567,0.628,43623.392,0.6666666666666666,29082.261,24759.285,33752.558,257560.0,78,60602.353,0.479887,"Below 1.0 implies the projected local four-year entrant pool is smaller than the state's current annualized undergraduate scale; imported, transfer, adult, or increased participation demand is required."
MD,Maryland,2026,74094.0,0.0,0.628,46531.032,0.6666666666666666,31020.688,26409.571,36002.275,153979.0,31,36230.353,0.856207,"Below 1.0 implies the projected local four-year entrant pool is smaller than the state's current annualized undergraduate scale; imported, transfer, adult, or increased participation demand is required."
MD,Maryland,2030,68766.0,-0.07190865657138235,0.628,43185.048,0.6666666666666666,28790.032,24510.495,33413.399,153979.0,31,36230.353,0.794638,"Below 1.0 implies the projected local four-year entrant pool is smaller than the state's current annualized undergraduate scale; imported, transfer, adult, or increased participation demand is required."
MD,Maryland,2035,68981.0,-0.06900693713391093,0.628,43320.068,0.6666666666666666,28880.045,24587.128,33517.868,153979.0,31,36230.353,0.797123,"Below 1.0 implies the projected local four-year entrant pool is smaller than the state's current annualized undergraduate scale; imported, transfer, adult, or increased participation demand is required."
MD,Maryland,2041,62752.0,-0.15307582260371955,0.628,39408.256,0.6666666666666666,26272.171,22366.905,30491.197,153979.0,31,36230.353,0.725143,"Below 1.0 implies the projected local four-year entrant pool is smaller than the state's current annualized undergraduate scale; imported, transfer, adult, or increased participation demand is required."
ME,Maine,2026,13698.0,0.0,0.628,8602.344,0.6666666666666666,5734.896,4882.424,6655.858,37329.0,18,8783.294,0.652932,"Below 1.0 implies the projected local four-year entrant pool is smaller than the state's current annualized undergraduate scale; imported, transfer, adult, or increased participation demand is required."
ME,Maine,2030,12938.0,-0.05548255219740106,0.628,8125.064,0.6666666666666666,5416.709,4611.534,6286.574,37329.0,18,8783.294,0.616706,"Below 1.0 implies the projected local four-year entrant pool is smaller than the state's current annualized undergraduate scale; imported, transfer, adult, or increased participation demand is required."
ME,Maine,2035,13446.0,-0.018396846254927768,0.628,8444.088,0.6666666666666666,5629.392,4792.603,6533.411,37329.0,18,8783.294,0.64092,"Below 1.0 implies the projected local four-year entrant pool is smaller than the state's current annualized undergraduate scale; imported, transfer, adult, or increased participation demand is required."
ME,Maine,2041,12718.0,-0.07154329099138557,0.628,7986.904,0.6666666666666666,5324.603,4533.119,6179.676,37329.0,18,8783.294,0.606219,"Below 1.0 implies the projected local four-year entrant pool is smaller than the state's current annualized undergraduate scale; imported, transfer, adult, or increased participation demand is required."
MI,Michigan,2026,100573.0,0.0,0.628,63159.844,0.6666666666666666,42106.563,35847.57,48868.421,276174.0,47,64982.118,0.647972,"Below 1.0 implies the projected local four-year entrant pool is smaller than the state's current annualized undergraduate scale; imported, transfer, adult, or increased participation demand is required."
MI,Michigan,2030,95746.0,-0.04799498871466501,0.628,60128.488,0.6666666666666666,40085.659,34127.066,46522.981,276174.0,47,64982.118,0.616872,"Below 1.0 implies the projected local four-year entrant pool is smaller than the state's current annualized undergraduate scale; imported, transfer, adult, or increased participation demand is required."
MI,Michigan,2035,96183.0,-0.043649886152347106,0.628,60402.924,0.6666666666666666,40268.616,34282.827,46735.32,276174.0,47,64982.118,0.619688,"Below 1.0 implies the projected local four-year entrant pool is smaller than the state's current annualized undergraduate scale; imported, transfer, adult, or increased participation demand is required."
MI,Michigan,2041,85131.0,-0.15354021457051092,0.628,53462.268,0.6666666666666666,35641.512,30343.526,41365.153,276174.0,47,64982.118,0.548482,"Below 1.0 implies the projected local four-year entrant pool is smaller than the state's current annualized undergraduate scale; imported, transfer, adult, or increased participation demand is required."
MN,Minnesota,2026,67286.0,0.0,0.628,42255.608,0.6666666666666666,28170.405,23982.973,32694.267,138286.0,37,32537.882,0.865773,"Below 1.0 implies the projected local four-year entrant pool is smaller than the state's current annualized undergraduate scale; imported, transfer, adult, or increased participation demand is required."
MN,Minnesota,2030,64403.0,-0.04284695181761433,0.628,40445.084,0.6666666666666666,26963.389,22955.376,31293.418,138286.0,37,32537.882,0.828677,"Below 1.0 implies the projected local four-year entrant pool is smaller than the state's current annualized undergraduate scale; imported, transfer, adult, or increased participation demand is required."
MN,Minnesota,2035,65154.0,-0.03168564040067767,0.628,40916.712,0.6666666666666666,27277.808,23223.057,31658.329,138286.0,37,32537.882,0.83834,"Below 1.0 implies the projected local four-year entrant pool is smaller than the state's current annualized undergraduate scale; imported, transfer, adult, or increased participation demand is required."
MN,Minnesota,2041,58295.0,-0.13362363641767971,0.628,36609.26,0.6666666666666666,24406.173,20778.281,28325.541,138286.0,37,32537.882,0.750085,"Below 1.0 implies the projected local four-year entrant pool is smaller than the state's current annualized undergraduate scale; imported, transfer, adult, or increased participation demand is required."
MO,Missouri,2026,68422.0,0.0,0.628,42969.016,0.6666666666666666,28646.011,24387.882,33246.25,189500.0,51,44588.235,0.642457,"Below 1.0 implies the projected local four-year entrant pool is smaller than the state's current annualized undergraduate scale; imported, transfer, adult, or increased participation demand is required."
MO,Missouri,2030,64138.0,-0.06261144076466629,0.628,40278.664,0.6666666666666666,26852.443,22860.921,31164.654,189500.0,51,44588.235,0.602232,"Below 1.0 implies the projected local four-year entrant pool is smaller than the state's current annualized undergraduate scale; imported, transfer, adult, or increased participation demand is required."
MO,Missouri,2035,64283.0,-0.06049223933822456,0.628,40369.724,0.6666666666666666,26913.149,22912.604,31235.11,189500.0,51,44588.235,0.603593,"Below 1.0 implies the projected local four-year entrant pool is smaller than the state's current annualized undergraduate scale; imported, transfer, adult, or increased participation demand is required."
MO,Missouri,2041,58880.0,-0.139458069042121,0.628,36976.64,0.6666666666666666,24651.093,20986.795,28609.792,189500.0,51,44588.235,0.552861,"Below 1.0 implies the projected local four-year entrant pool is smaller than the state's current annualized undergraduate scale; imported, transfer, adult, or increased participation demand is required."
MS,Mississippi,2026,33708.0,0.0,0.628,21168.624,0.6666666666666666,14112.416,12014.655,16378.717,74170.0,15,17451.765,0.808653,"Below 1.0 implies the projected local four-year entrant pool is smaller than the state's current annualized undergraduate scale; imported, transfer, adult, or increased participation demand is required."
MS,Mississippi,2030,29644.0,-0.120564851073929,0.628,18616.432,0.6666666666666666,12410.955,10566.11,14404.02,74170.0,15,17451.765,0.711158,"Below 1.0 implies the projected local four-year entrant pool is smaller than the state's current annualized undergraduate scale; imported, transfer, adult, or increased participation demand is required."
MS,Mississippi,2035,29445.0,-0.12646849412602346,0.628,18491.46,0.6666666666666666,12327.64,10495.179,14307.326,74170.0,15,17451.765,0.706384,"Below 1.0 implies the projected local four-year entrant pool is smaller than the state's current annualized undergraduate scale; imported, transfer, adult, or increased participation demand is required."
MS,Mississippi,2041,27003.0,-0.19891420434318263,0.628,16957.884,0.6666666666666666,11305.256,9624.769,13120.758,74170.0,15,17451.765,0.6478,"Below 1.0 implies the projected local four-year entrant pool is smaller than the state's current annualized undergraduate scale; imported, transfer, adult, or increased participation demand is required."
MT,Montana,2026,10737.0,0.0,0.628,6742.836,0.6666666666666666,4495.224,3827.025,5217.108,35181.0,9,8277.882,0.54304,"Below 1.0 implies the projected local four-year entrant pool is smaller than the state's current annualized undergraduate scale; imported, transfer, adult, or increased participation demand is required."
MT,Montana,2030,10692.0,-0.00419111483654655,0.628,6714.576,0.6666666666666666,4476.384,3810.985,5195.243,35181.0,9,8277.882,0.540764,"Below 1.0 implies the projected local four-year entrant pool is smaller than the state's current annualized undergraduate scale; imported, transfer, adult, or increased participation demand is required."
MT,Montana,2035,11218.0,0.04479836080841948,0.628,7044.904,0.6666666666666666,4696.603,3998.469,5450.826,35181.0,9,8277.882,0.567368,"Below 1.0 implies the projected local four-year entrant pool is smaller than the state's current annualized undergraduate scale; imported, transfer, adult, or increased participation demand is required."
MT,Montana,2041,10520.0,-0.020210487100679853,0.628,6606.56,0.6666666666666666,4404.373,3749.679,5111.668,35181.0,9,8277.882,0.532065,"Below 1.0 implies the projected local four-year entrant pool is smaller than the state's current annualized undergraduate scale; imported, transfer, adult, or increased participation demand is required."
NC,North Carolina,2026,121551.0,0.0,0.628,76334.028,0.6666666666666666,50889.352,43324.828,59061.631,241612.0,58,56849.882,0.895153,"Below 1.0 implies the projected local four-year entrant pool is smaller than the state's current annualized undergraduate scale; imported, transfer, adult, or increased participation demand is required."
NC,North Carolina,2030,118193.0,-0.027626263872777668,0.628,74225.204,0.6666666666666666,49483.469,42127.925,57429.979,241612.0,58,56849.882,0.870423,"Below 1.0 implies the projected local four-year entrant pool is smaller than the state's current annualized undergraduate scale; imported, transfer, adult, or increased participation demand is required."
NC,North Carolina,2035,123253.0,0.014002352921818728,0.628,77402.884,0.6666666666666666,51601.923,43931.478,59888.633,241612.0,58,56849.882,0.907687,"Below 1.0 implies the projected local four-year entrant pool is smaller than the state's current annualized undergraduate scale; imported, transfer, adult, or increased participation demand is required."
NC,North Carolina,2041,122719.0,0.009609135260096657,0.628,77067.532,0.6666666666666666,51378.355,43741.142,59629.162,241612.0,58,56849.882,0.903755,"Below 1.0 implies the projected local four-year entrant pool is smaller than the state's current annualized undergraduate scale; imported, transfer, adult, or increased participation demand is required."
ND,North Dakota,2026,8637.0,0.0,0.628,5424.036,0.6666666666666666,3616.024,3078.515,4196.718,30942.0,9,7280.471,0.496674,"Below 1.0 implies the projected local four-year entrant pool is smaller than the state's current annualized undergraduate scale; imported, transfer, adult, or increased participation demand is required."
ND,North Dakota,2030,9291.0,0.075720736366794,0.628,5834.748,0.6666666666666666,3889.832,3311.622,4514.497,30942.0,9,7280.471,0.534283,"Below 1.0 implies the projected local four-year entrant pool is smaller than the state's current annualized undergraduate scale; imported, transfer, adult, or increased participation demand is required."
ND,North Dakota,2035,9771.0,0.13129558874609248,0.628,6136.188,0.6666666666666666,4090.792,3482.71,4747.729,30942.0,9,7280.471,0.561886,"Below 1.0 implies the projected local four-year entrant pool is smaller than the state's current annualized undergraduate scale; imported, transfer, adult, or increased participation demand is required."
ND,North Dakota,2041,8690.0,0.0061363899502142605,0.628,5457.32,0.6666666666666666,3638.213,3097.406,4222.471,30942.0,9,7280.471,0.499722,"Below 1.0 implies the projected local four-year entrant pool is smaller than the state's current annualized undergraduate scale; imported, transfer, adult, or increased participation demand is required."
NE,Nebraska,2026,25492.0,0.0,0.628,16008.976,0.6666666666666666,10672.651,9086.199,12386.563,66045.0,23,15540.0,0.686786,"Below 1.0 implies the projected local four-year entrant pool is smaller than the state's current annualized undergraduate scale; imported, transfer, adult, or increased participation demand is required."
NE,Nebraska,2030,24909.0,-0.02286991997489407,0.628,15642.852,0.6666666666666666,10428.568,8878.398,12103.283,66045.0,23,15540.0,0.671079,"Below 1.0 implies the projected local four-year entrant pool is smaller than the state's current annualized undergraduate scale; imported, transfer, adult, or increased participation demand is required."
NE,Nebraska,2035,25009.0,-0.018947120665306794,0.628,15705.652,0.6666666666666666,10470.435,8914.041,12151.873,66045.0,23,15540.0,0.673773,"Below 1.0 implies the projected local four-year entrant pool is smaller than the state's current annualized undergraduate scale; imported, transfer, adult, or increased participation demand is required."
NE,Nebraska,2041,23263.0,-0.08743919661070143,0.628,14609.164,0.6666666666666666,9739.443,8291.709,11303.492,66045.0,23,15540.0,0.626734,"Below 1.0 implies the projected local four-year entrant pool is smaller than the state's current annualized undergraduate scale; imported, transfer, adult, or increased participation demand is required."
NH,New Hampshire,2026,15213.0,0.0,0.628,9553.764,0.6666666666666666,6369.176,5422.42,7391.997,78416.0,14,18450.824,0.345197,"Below 1.0 implies the projected local four-year entrant pool is smaller than the state's current annualized undergraduate scale; imported, transfer, adult, or increased participation demand is required."
NH,New Hampshire,2030,14146.0,-0.07013738250180768,0.628,8883.688,0.6666666666666666,5922.459,5042.106,6873.541,78416.0,14,18450.824,0.320986,"Below 1.0 implies the projected local four-year entrant pool is smaller than the state's current annualized undergraduate scale; imported, transfer, adult, or increased participation demand is required."
NH,New Hampshire,2035,14242.0,-0.06382699007427861,0.628,8943.976,0.6666666666666666,5962.651,5076.324,6920.188,78416.0,14,18450.824,0.323164,"Below 1.0 implies the projected local four-year entrant pool is smaller than the state's current annualized undergraduate scale; imported, transfer, adult, or increased participation demand is required."
NH,New Hampshire,2041,13964.0,-0.08210083481233155,0.628,8769.392,0.6666666666666666,5846.261,4977.235,6785.108,78416.0,14,18450.824,0.316856,"Below 1.0 implies the projected local four-year entrant pool is smaller than the state's current annualized undergraduate scale; imported, transfer, adult, or increased participation demand is required."
NJ,New Jersey,2026,109903.0,0.0,0.628,69019.084,0.6666666666666666,46012.723,39173.093,53401.868,188055.0,39,44248.235,1.039877,"Below 1.0 implies the projected local four-year entrant pool is smaller than the state's current annualized undergraduate scale; imported, transfer, adult, or increased participation demand is required."
NJ,New Jersey,2030,108465.0,-0.013084265215690172,0.628,68116.02,0.6666666666666666,45410.68,38660.541,52703.144,188055.0,39,44248.235,1.026271,"Below 1.0 implies the projected local four-year entrant pool is smaller than the state's current annualized undergraduate scale; imported, transfer, adult, or increased participation demand is required."
NJ,New Jersey,2035,108372.0,-0.013930465956343285,0.628,68057.616,0.6666666666666666,45371.744,38627.393,52657.955,188055.0,39,44248.235,1.025391,"Below 1.0 implies the projected local four-year entrant pool is smaller than the state's current annualized undergraduate scale; imported, transfer, adult, or increased participation demand is required."
NJ,New Jersey,2041,107973.0,-0.01756094010172604,0.628,67807.044,0.6666666666666666,45204.696,38485.176,52464.081,188055.0,39,44248.235,1.021616,"Below 1.0 implies the projected local four-year entrant pool is smaller than the state's current annualized undergraduate scale; imported, transfer, adult, or increased participation demand is required."
NM,New Mexico,2026,22162.0,0.0,0.628,13917.736,0.6666666666666666,9278.491,7899.276,10768.516,41929.0,9,9865.647,0.940485,"Below 1.0 implies the projected local four-year entrant pool is smaller than the state's current annualized undergraduate scale; imported, transfer, adult, or increased participation demand is required."
NM,New Mexico,2030,20634.0,-0.06894684595253131,0.628,12958.152,0.6666666666666666,8638.768,7354.645,10026.061,41929.0,9,9865.647,0.875641,"Below 1.0 implies the projected local four-year entrant pool is smaller than the state's current annualized undergraduate scale; imported, transfer, adult, or increased participation demand is required."
NM,New Mexico,2035,19426.0,-0.1234545618626478,0.628,12199.528,0.6666666666666666,8133.019,6924.074,9439.093,41929.0,9,9865.647,0.824378,"Below 1.0 implies the projected local four-year entrant pool is smaller than the state's current annualized undergraduate scale; imported, transfer, adult, or increased participation demand is required."
NM,New Mexico,2041,17104.0,-0.2282284992329212,0.628,10741.312,0.6666666666666666,7160.875,6096.436,8310.834,41929.0,9,9865.647,0.725839,"Below 1.0 implies the projected local four-year entrant pool is smaller than the state's current annualized undergraduate scale; imported, transfer, adult, or increased participation demand is required."
NV,Nevada,2026,34639.0,0.0,0.628,21753.292,0.6666666666666666,14502.195,12346.494,16831.09,44683.0,6,10513.647,1.379369,"Below 1.0 implies the projected local four-year entrant pool is smaller than the state's current annualized undergraduate scale; imported, transfer, adult, or increased participation demand is required."
NV,Nevada,2030,33321.0,-0.038049597274748104,0.628,20925.588,0.6666666666666666,13950.392,11876.715,16190.674,44683.0,6,10513.647,1.326884,"Below 1.0 implies the projected local four-year entrant pool is smaller than the state's current annualized undergraduate scale; imported, transfer, adult, or increased participation demand is required."
NV,Nevada,2035,34299.0,-0.009815525852362894,0.628,21539.772,0.6666666666666666,14359.848,12225.307,16665.884,44683.0,6,10513.647,1.365829,"Below 1.0 implies the projected local four-year entrant pool is smaller than the state's current annualized undergraduate scale; imported, transfer, adult, or increased participation demand is required."
NV,Nevada,2041,30156.0,-0.12942059528277372,0.628,18937.968,0.6666666666666666,12625.312,10748.604,14652.8,44683.0,6,10513.647,1.20085,"Below 1.0 implies the projected local four-year entrant pool is smaller than the state's current annualized undergraduate scale; imported, transfer, adult, or increased participation demand is required."
NY,New York,2026,200655.0,0.0,0.628,126011.34,0.6666666666666666,84007.56,71520.13,97498.265,629007.0,171,148001.647,0.567612,"Below 1.0 implies the projected local four-year entrant pool is smaller than the state's current annualized undergraduate scale; imported, transfer, adult, or increased participation demand is required."
NY,New York,2030,183242.0,-0.08678079290324192,0.628,115075.976,0.6666666666666666,76717.317,65313.557,89037.288,629007.0,171,148001.647,0.518354,"Below 1.0 implies the projected local four-year entrant pool is smaller than the state's current annualized undergraduate scale; imported, transfer, adult, or increased participation demand is required."
NY,New York,2035,171389.0,-0.14585233360743566,0.628,107632.292,0.6666666666666666,71754.861,61088.753,83277.915,629007.0,171,148001.647,0.484825,"Below 1.0 implies the projected local four-year entrant pool is smaller than the state's current annualized undergraduate scale; imported, transfer, adult, or increased participation demand is required."
NY,New York,2041,150533.0,-0.24979193142458445,0.628,94534.724,0.6666666666666666,63023.149,53654.979,73143.985,629007.0,171,148001.647,0.425827,"Below 1.0 implies the projected local four-year entrant pool is smaller than the state's current annualized undergraduate scale; imported, transfer, adult, or increased participation demand is required."
OH,Ohio,2026,141163.0,0.0,0.628,88650.364,0.6666666666666666,59100.243,50315.199,68591.102,315689.0,72,74279.765,0.795644,"Below 1.0 implies the projected local four-year entrant pool is smaller than the state's current annualized undergraduate scale; imported, transfer, adult, or increased participation demand is required."
OH,Ohio,2030,134175.0,-0.04950305674999822,0.628,84261.9,0.6666666666666666,56174.6,47824.442,65195.633,315689.0,72,74279.765,0.756257,"Below 1.0 implies the projected local four-year entrant pool is smaller than the state's current annualized undergraduate scale; imported, transfer, adult, or increased participation demand is required."
OH,Ohio,2035,134895.0,-0.04440257007856163,0.628,84714.06,0.6666666666666666,56476.04,48081.074,65545.481,315689.0,72,74279.765,0.760315,"Below 1.0 implies the projected local four-year entrant pool is smaller than the state's current annualized undergraduate scale; imported, transfer, adult, or increased participation demand is required."
OH,Ohio,2041,124461.0,-0.11831712275879658,0.628,78161.508,0.6666666666666666,52107.672,44362.049,60475.6,315689.0,72,74279.765,0.701506,"Below 1.0 implies the projected local four-year entrant pool is smaller than the state's current annualized undergraduate scale; imported, transfer, adult, or increased participation demand is required."
OK,Oklahoma,2026,50769.0,0.0,0.628,31882.932,0.6666666666666666,21255.288,18095.764,24668.657,103051.0,26,24247.294,0.876605,"Below 1.0 implies the projected local four-year entrant pool is smaller than the state's current annualized undergraduate scale; imported, transfer, adult, or increased participation demand is required."
OK,Oklahoma,2030,49595.0,-0.023124347534912992,0.628,31145.66,0.6666666666666666,20763.773,17677.311,24098.211,103051.0,26,24247.294,0.856334,"Below 1.0 implies the projected local four-year entrant pool is smaller than the state's current annualized undergraduate scale; imported, transfer, adult, or increased participation demand is required."
OK,Oklahoma,2035,48457.0,-0.04553960093758003,0.628,30430.996,0.6666666666666666,20287.331,17271.69,23545.256,103051.0,26,24247.294,0.836684,"Below 1.0 implies the projected local four-year entrant pool is smaller than the state's current annualized undergraduate scale; imported, transfer, adult, or increased participation demand is required."
OK,Oklahoma,2041,46250.0,-0.08901101065610906,0.628,29045.0,0.6666666666666666,19363.333,16485.042,22472.875,103051.0,26,24247.294,0.798577,"Below 1.0 implies the projected local four-year entrant pool is smaller than the state's current annualized undergraduate scale; imported, transfer, adult, or increased participation demand is required."
OR,Oregon,2026,42839.0,0.0,0.628,26902.892,0.6666666666666666,17935.261,15269.248,20815.47,101753.0,29,23941.882,0.749117,"Below 1.0 implies the projected local four-year entrant pool is smaller than the state's current annualized undergraduate scale; imported, transfer, adult, or increased participation demand is required."
OR,Oregon,2030,39182.0,-0.08536613833189388,0.628,24606.296,0.6666666666666666,16404.197,13965.771,19038.534,101753.0,29,23941.882,0.685167,"Below 1.0 implies the projected local four-year entrant pool is smaller than the state's current annualized undergraduate scale; imported, transfer, adult, or increased participation demand is required."
OR,Oregon,2035,38349.0,-0.10481103667219127,0.628,24083.172,0.6666666666666666,16055.448,13668.862,18633.779,101753.0,29,23941.882,0.670601,"Below 1.0 implies the projected local four-year entrant pool is smaller than the state's current annualized undergraduate scale; imported, transfer, adult, or increased participation demand is required."
OR,Oregon,2041,33272.0,-0.22332454072223906,0.628,20894.816,0.6666666666666666,13929.877,11859.25,16166.865,101753.0,29,23941.882,0.58182,"Below 1.0 implies the projected local four-year entrant pool is smaller than the state's current annualized undergraduate scale; imported, transfer, adult, or increased participation demand is required."
PA,Pennsylvania,2026,139630.0,0.0,0.628,87687.64,0.6666666666666666,58458.427,49768.786,67846.217,401612.0,120,94496.941,0.618628,"Below 1.0 implies the projected local four-year entrant pool is smaller than the state's current annualized undergraduate scale; imported, transfer, adult, or increased participation demand is required."
PA,Pennsylvania,2030,129575.0,-0.07201174532693544,0.628,81373.1,0.6666666666666666,54248.733,46184.849,62960.493,401612.0,120,94496.941,0.574079,"Below 1.0 implies the projected local four-year entrant pool is smaller than the state's current annualized undergraduate scale; imported, transfer, adult, or increased participation demand is required."
PA,Pennsylvania,2035,127318.0,-0.08817589343264343,0.628,79955.704,0.6666666666666666,53303.803,45380.379,61863.816,401612.0,120,94496.941,0.56408,"Below 1.0 implies the projected local four-year entrant pool is smaller than the state's current annualized undergraduate scale; imported, transfer, adult, or increased participation demand is required."
PA,Pennsylvania,2041,116928.0,-0.16258683663969065,0.628,73430.784,0.6666666666666666,48953.856,41677.037,56815.315,401612.0,120,94496.941,0.518047,"Below 1.0 implies the projected local four-year entrant pool is smaller than the state's current annualized undergraduate scale; imported, transfer, adult, or increased participation demand is required."
RI,Rhode Island,2026,11199.0,0.0,0.628,7032.972,0.6666666666666666,4688.648,3991.697,5441.594,51639.0,10,12150.353,0.385886,"Below 1.0 implies the projected local four-year entrant pool is smaller than the state's current annualized undergraduate scale; imported, transfer, adult, or increased participation demand is required."
RI,Rhode Island,2030,10366.0,-0.07438164121796587,0.628,6509.848,0.6666666666666666,4339.899,3694.788,5036.839,51639.0,10,12150.353,0.357183,"Below 1.0 implies the projected local four-year entrant pool is smaller than the state's current annualized undergraduate scale; imported, transfer, adult, or increased participation demand is required."
RI,Rhode Island,2035,10341.0,-0.07661398339137426,0.628,6494.148,0.6666666666666666,4329.432,3685.877,5024.692,51639.0,10,12150.353,0.356322,"Below 1.0 implies the projected local four-year entrant pool is smaller than the state's current annualized undergraduate scale; imported, transfer, adult, or increased participation demand is required."
RI,Rhode Island,2041,9492.0,-0.15242432360032143,0.628,5960.976,0.6666666666666666,3973.984,3383.265,4612.163,51639.0,10,12150.353,0.327067,"Below 1.0 implies the projected local four-year entrant pool is smaller than the state's current annualized undergraduate scale; imported, transfer, adult, or increased participation demand is required."
SC,South Carolina,2026,58790.0,0.0,0.628,36920.12,0.6666666666666666,24613.413,20954.716,28566.061,117260.0,32,27590.588,0.892095,"Below 1.0 implies the projected local four-year entrant pool is smaller than the state's current annualized undergraduate scale; imported, transfer, adult, or increased participation demand is required."
SC,South Carolina,2030,57870.0,-0.015648919884334034,0.628,36342.36,0.6666666666666666,24228.24,20626.797,28119.033,117260.0,32,27590.588,0.878134,"Below 1.0 implies the projected local four-year entrant pool is smaller than the state's current annualized undergraduate scale; imported, transfer, adult, or increased participation demand is required."
SC,South Carolina,2035,60992.0,0.03745534954924312,0.628,38302.976,0.6666666666666666,25535.317,21739.582,29636.013,117260.0,32,27590.588,0.925508,"Below 1.0 implies the projected local four-year entrant pool is smaller than the state's current annualized undergraduate scale; imported, transfer, adult, or increased participation demand is required."
SC,South Carolina,2041,61735.0,0.050093553325395446,0.628,38769.58,0.6666666666666666,25846.387,22004.412,29997.037,117260.0,32,27590.588,0.936783,"Below 1.0 implies the projected local four-year entrant pool is smaller than the state's current annualized undergraduate scale; imported, transfer, adult, or increased participation demand is required."
SD,South Dakota,2026,10613.0,0.0,0.628,6664.964,0.6666666666666666,4443.309,3782.827,5156.857,29890.0,11,7032.941,0.631785,"Below 1.0 implies the projected local four-year entrant pool is smaller than the state's current annualized undergraduate scale; imported, transfer, adult, or increased participation demand is required."
SD,South Dakota,2030,10677.0,0.006030340148873936,0.628,6705.156,0.6666666666666666,4470.104,3805.639,5187.954,29890.0,11,7032.941,0.635595,"Below 1.0 implies the projected local four-year entrant pool is smaller than the state's current annualized undergraduate scale; imported, transfer, adult, or increased participation demand is required."
SD,South Dakota,2035,11196.0,0.05493262979364921,0.628,7031.088,0.6666666666666666,4687.392,3990.628,5440.136,29890.0,11,7032.941,0.666491,"Below 1.0 implies the projected local four-year entrant pool is smaller than the state's current annualized undergraduate scale; imported, transfer, adult, or increased participation demand is required."
SD,South Dakota,2041,10357.0,-0.024121360595496077,0.628,6504.196,0.6666666666666666,4336.131,3691.58,5032.466,29890.0,11,7032.941,0.616546,"Below 1.0 implies the projected local four-year entrant pool is smaller than the state's current annualized undergraduate scale; imported, transfer, adult, or increased participation demand is required."
TN,Tennessee,2026,74939.0,0.0,0.628,47061.692,0.6666666666666666,31374.461,26710.758,36412.86,166588.0,45,39197.176,0.800427,"Below 1.0 implies the projected local four-year entrant pool is smaller than the state's current annualized undergraduate scale; imported, transfer, adult, or increased participation demand is required."
TN,Tennessee,2030,74906.0,-0.0004403581579685012,0.628,47040.968,0.6666666666666666,31360.645,26698.995,36396.825,166588.0,45,39197.176,0.800074,"Below 1.0 implies the projected local four-year entrant pool is smaller than the state's current annualized undergraduate scale; imported, transfer, adult, or increased participation demand is required."
TN,Tennessee,2035,79662.0,0.06302459333591326,0.628,50027.736,0.6666666666666666,33351.824,28394.192,38707.766,166588.0,45,39197.176,0.850873,"Below 1.0 implies the projected local four-year entrant pool is smaller than the state's current annualized undergraduate scale; imported, transfer, adult, or increased participation demand is required."
TN,Tennessee,2041,81459.0,0.08700409666528786,0.628,51156.252,0.6666666666666666,34104.168,29034.703,39580.928,166588.0,45,39197.176,0.870067,"Below 1.0 implies the projected local four-year entrant pool is smaller than the state's current annualized undergraduate scale; imported, transfer, adult, or increased participation demand is required."
TX,Texas,2026,410890.0,0.0,0.628,258038.92,0.6666666666666666,172025.947,146454.892,199651.451,588544.0,87,138480.941,1.242236,"Below 1.0 implies the projected local four-year entrant pool is smaller than the state's current annualized undergraduate scale; imported, transfer, adult, or increased participation demand is required."
TX,Texas,2030,399411.0,-0.027936917423154628,0.628,250830.108,0.6666666666666666,167220.072,142363.394,194073.805,588544.0,87,138480.941,1.207531,"Below 1.0 implies the projected local four-year entrant pool is smaller than the state's current annualized undergraduate scale; imported, transfer, adult, or increased participation demand is required."
TX,Texas,2035,410286.0,-0.0014699797999464526,0.628,257659.608,0.6666666666666666,171773.072,146239.607,199357.967,588544.0,87,138480.941,1.240409,"Below 1.0 implies the projected local four-year entrant pool is smaller than the state's current annualized undergraduate scale; imported, transfer, adult, or increased participation demand is required."
TX,Texas,2041,414861.0,0.009664387062230828,0.628,260532.708,0.6666666666666666,173688.472,147870.289,201580.96,588544.0,87,138480.941,1.254241,"Below 1.0 implies the projected local four-year entrant pool is smaller than the state's current annualized undergraduate scale; imported, transfer, adult, or increased participation demand is required."
UT,Utah,2026,50201.0,0.0,0.628,31526.228,0.6666666666666666,21017.485,17893.31,24392.666,181754.0,9,42765.647,0.491457,"Below 1.0 implies the projected local four-year entrant pool is smaller than the state's current annualized undergraduate scale; imported, transfer, adult, or increased participation demand is required."
UT,Utah,2030,48443.0,-0.03501922272464697,0.628,30422.204,0.6666666666666666,20281.469,17266.7,23538.454,181754.0,9,42765.647,0.474247,"Below 1.0 implies the projected local four-year entrant pool is smaller than the state's current annualized undergraduate scale; imported, transfer, adult, or increased participation demand is required."
UT,Utah,2035,48337.0,-0.03713073444752102,0.628,30355.636,0.6666666666666666,20237.091,17228.918,23486.948,181754.0,9,42765.647,0.473209,"Below 1.0 implies the projected local four-year entrant pool is smaller than the state's current annualized undergraduate scale; imported, transfer, adult, or increased participation demand is required."
UT,Utah,2041,44908.0,-0.10543614669030499,0.628,28202.224,0.6666666666666666,18801.483,16006.708,21820.797,181754.0,9,42765.647,0.43964,"Below 1.0 implies the projected local four-year entrant pool is smaller than the state's current annualized undergraduate scale; imported, transfer, adult, or increased participation demand is required."
VA,Virginia,2026,102981.0,0.0,0.628,64672.068,0.6666666666666666,43114.712,36705.861,50038.468,252690.0,44,59456.471,0.725148,"Below 1.0 implies the projected local four-year entrant pool is smaller than the state's current annualized undergraduate scale; imported, transfer, adult, or increased participation demand is required."
VA,Virginia,2030,100188.0,-0.02712150785096279,0.628,62918.064,0.6666666666666666,41945.376,35710.343,48681.349,252690.0,44,59456.471,0.70548,"Below 1.0 implies the projected local four-year entrant pool is smaller than the state's current annualized undergraduate scale; imported, transfer, adult, or increased participation demand is required."
VA,Virginia,2035,102267.0,-0.00693331779648676,0.628,64223.676,0.6666666666666666,42815.784,36451.368,49691.535,252690.0,44,59456.471,0.72012,"Below 1.0 implies the projected local four-year entrant pool is smaller than the state's current annualized undergraduate scale; imported, transfer, adult, or increased participation demand is required."
VA,Virginia,2041,93984.0,-0.0873656305532089,0.628,59021.952,0.6666666666666666,39347.968,33499.03,45666.826,252690.0,44,59456.471,0.661795,"Below 1.0 implies the projected local four-year entrant pool is smaller than the state's current annualized undergraduate scale; imported, transfer, adult, or increased participation demand is required."
VT,Vermont,2026,5851.0,0.0,0.628,3674.428,0.6666666666666666,2449.619,2085.491,2843.001,27314.0,16,6426.824,0.381155,"Below 1.0 implies the projected local four-year entrant pool is smaller than the state's current annualized undergraduate scale; imported, transfer, adult, or increased participation demand is required."
VT,Vermont,2030,5518.0,-0.056913348145616105,0.628,3465.304,0.6666666666666666,2310.203,1966.799,2681.196,27314.0,16,6426.824,0.359463,"Below 1.0 implies the projected local four-year entrant pool is smaller than the state's current annualized undergraduate scale; imported, transfer, adult, or increased participation demand is required."
VT,Vermont,2035,5504.0,-0.05930610152110749,0.628,3456.512,0.6666666666666666,2304.341,1961.809,2674.394,27314.0,16,6426.824,0.358551,"Below 1.0 implies the projected local four-year entrant pool is smaller than the state's current annualized undergraduate scale; imported, transfer, adult, or increased participation demand is required."
VT,Vermont,2041,4921.0,-0.15894718851478384,0.628,3090.388,0.6666666666666666,2060.259,1754.008,2391.114,27314.0,16,6426.824,0.320572,"Below 1.0 implies the projected local four-year entrant pool is smaller than the state's current annualized undergraduate scale; imported, transfer, adult, or increased participation demand is required."
WA,Washington,2026,83554.0,0.0,0.628,52471.912,0.6666666666666666,34981.275,29781.431,40598.889,131408.0,27,30919.529,1.131365,"Below 1.0 implies the projected local four-year entrant pool is smaller than the state's current annualized undergraduate scale; imported, transfer, adult, or increased participation demand is required."
WA,Washington,2030,79259.0,-0.05140388251908945,0.628,49774.652,0.6666666666666666,33183.101,28250.55,38511.948,131408.0,27,30919.529,1.073208,"Below 1.0 implies the projected local four-year entrant pool is smaller than the state's current annualized undergraduate scale; imported, transfer, adult, or increased participation demand is required."
WA,Washington,2035,80777.0,-0.033235991095578954,0.628,50727.956,0.6666666666666666,33818.637,28791.615,39249.544,131408.0,27,30919.529,1.093763,"Below 1.0 implies the projected local four-year entrant pool is smaller than the state's current annualized undergraduate scale; imported, transfer, adult, or increased participation demand is required."
WA,Washington,2041,73935.0,-0.11512315388850325,0.628,46431.18,0.6666666666666666,30954.12,26352.898,35925.016,131408.0,27,30919.529,1.001119,"Below 1.0 implies the projected local four-year entrant pool is smaller than the state's current annualized undergraduate scale; imported, transfer, adult, or increased participation demand is required."
WI,Wisconsin,2026,67781.0,0.0,0.628,42566.468,0.6666666666666666,28377.645,24159.408,32934.788,174100.0,37,40964.706,0.692734,"Below 1.0 implies the projected local four-year entrant pool is smaller than the state's current annualized undergraduate scale; imported, transfer, adult, or increased participation demand is required."
WI,Wisconsin,2030,63368.0,-0.06510674082707546,0.628,39795.104,0.6666666666666666,26530.069,22586.467,30790.511,174100.0,37,40964.706,0.647632,"Below 1.0 implies the projected local four-year entrant pool is smaller than the state's current annualized undergraduate scale; imported, transfer, adult, or increased participation demand is required."
WI,Wisconsin,2035,62090.0,-0.08396158215429106,0.628,38992.52,0.6666666666666666,25995.013,22130.946,30169.531,174100.0,37,40964.706,0.634571,"Below 1.0 implies the projected local four-year entrant pool is smaller than the state's current annualized undergraduate scale; imported, transfer, adult, or increased participation demand is required."
WI,Wisconsin,2041,56910.0,-0.16038417845708974,0.628,35739.48,0.6666666666666666,23826.32,20284.621,27652.569,174100.0,37,40964.706,0.58163,"Below 1.0 implies the projected local four-year entrant pool is smaller than the state's current annualized undergraduate scale; imported, transfer, adult, or increased participation demand is required."
WV,West Virginia,2026,17352.0,0.0,0.628,10897.056,0.6666666666666666,7264.704,6184.831,8431.337,54562.0,18,12838.118,0.56587,"Below 1.0 implies the projected local four-year entrant pool is smaller than the state's current annualized undergraduate scale; imported, transfer, adult, or increased participation demand is required."
WV,West Virginia,2030,16084.0,-0.07307514983863528,0.628,10100.752,0.6666666666666666,6733.835,5732.874,7815.216,54562.0,18,12838.118,0.524519,"Below 1.0 implies the projected local four-year entrant pool is smaller than the state's current annualized undergraduate scale; imported, transfer, adult, or increased participation demand is required."
WV,West Virginia,2035,15092.0,-0.13024435223605346,0.628,9477.776,0.6666666666666666,6318.517,5379.292,7333.203,54562.0,18,12838.118,0.492169,"Below 1.0 implies the projected local four-year entrant pool is smaller than the state's current annualized undergraduate scale; imported, transfer, adult, or increased participation demand is required."
WV,West Virginia,2041,13388.0,-0.22844628861226368,0.628,8407.664,0.6666666666666666,5605.109,4771.929,6505.229,54562.0,18,12838.118,0.436599,"Below 1.0 implies the projected local four-year entrant pool is smaller than the state's current annualized undergraduate scale; imported, transfer, adult, or increased participation demand is required."
WY,Wyoming,2026,6259.0,0.0,0.628,3930.652,0.6666666666666666,2620.435,2230.916,3041.248,9842.0,1,2315.765,1.131563,"Below 1.0 implies the projected local four-year entrant pool is smaller than the state's current annualized undergraduate scale; imported, transfer, adult, or increased participation demand is required."
WY,Wyoming,2030,5873.0,-0.06167119348138683,0.628,3688.244,0.6666666666666666,2458.829,2093.333,2853.691,9842.0,1,2315.765,1.061779,"Below 1.0 implies the projected local four-year entrant pool is smaller than the state's current annualized undergraduate scale; imported, transfer, adult, or increased participation demand is required."
WY,Wyoming,2035,5466.0,-0.12669755552005113,0.628,3432.648,0.6666666666666666,2288.432,1948.265,2655.929,9842.0,1,2315.765,0.988197,"Below 1.0 implies the projected local four-year entrant pool is smaller than the state's current annualized undergraduate scale; imported, transfer, adult, or increased participation demand is required."
WY,Wyoming,2041,4709.0,-0.24764339351334075,0.628,2957.252,0.6666666666666666,1971.501,1678.445,2288.103,9842.0,1,2315.765,0.851339,"Below 1.0 implies the projected local four-year entrant pool is smaller than the state's current annualized undergraduate scale; imported, transfer, adult, or increased participation demand is required."
